"run_id","n_pairs","weight_mean","weight_sd","behavior_mean","behavior_sd","raw_beta","semi_standardized_beta","standardized_beta","pearson_r","fisher_z","sampling_variance","usable","exclusion_reason"
"tree001",28,0.699834199111237,0.191701419738044,0.734593708211627,0.112624093172377,0.00167236701488355,0.000320595131076251,0.00284659456112613,0.00284659456112613,0.00284660224991087,0.04,TRUE,""
"tree002",21,0.57231025539898,0.132157742365291,0.807183994812559,0.0871490064338808,0.181762489827762,0.0240213203023312,0.275635044910763,0.275635044910763,0.282952030520106,0.0555555555555556,TRUE,""
"tree003",36,0.699581458066306,0.305361832465869,0.7691762910396,0.153055362046226,0.00720554329657598,0.0022002979049546,0.0143758302586619,0.0143758302586619,0.0143768207060489,0.0303030303030303,TRUE,""
"tree004",21,0.890161479190161,0.127298546425789,0.801423379432062,0.153044096695011,0.478111067294574,0.0608628438966819,0.397681748012603,0.397681748012603,0.420892142706725,0.0555555555555556,TRUE,""
"tree005",36,0.410387042883931,0.108420937427442,0.767944243264056,0.104030044290813,-0.192199210860433,-0.0208384186143026,-0.200311542269938,-0.200311542269938,-0.203057098327757,0.0303030303030303,TRUE,""
"tree006",10,0.907543418145147,0.195491814866699,0.794519231823452,0.0554452896271883,-0.042491310008921,-0.00830670330970749,-0.149818016382661,-0.149818016382661,-0.150954268634644,0.142857142857143,TRUE,""
"tree007",45,0.625727564288565,0.213715973256736,0.771434708461827,0.0907599371237062,0.0957469266348946,0.0204626476121178,0.22545903248288,0.22545903248288,0.229400109643176,0.0238095238095238,TRUE,""
"tree008",15,0.730183027479701,0.205590954653748,0.795254244306178,0.0960974350951265,-0.0431379862140196,-0.00886877976758049,-0.0922894534989547,-0.0922894534989547,-0.0925528210471307,0.0833333333333333,TRUE,""
"tree009",21,0.823876900076199,0.314688891925559,0.781407381111434,0.0928058441221148,0.0125634061729152,0.00395356436736541,0.042600381525147,0.042600381525147,0.042626179906587,0.0555555555555556,TRUE,""
"tree010",21,0.768655409127623,0.282720364247045,0.777645527155052,0.120416723967807,0.0500899537495296,0.0141614499691846,0.117603680805755,0.117603680805755,0.118150402427655,0.0555555555555556,TRUE,""
"tree011",28,0.907677092252881,0.12710525391652,0.865826774059683,0.0741937252441656,0.110187939672774,0.014005466050646,0.188768875057226,0.188768875057226,0.191060245345838,0.04,TRUE,""
"tree012",36,0.464223674728303,0.152337901786874,0.816806657815992,0.0696477075619156,-0.133453651291378,-0.0203300492235257,-0.291898325662084,-0.291898325662084,-0.300640147366453,0.0303030303030303,TRUE,""
"tree013",36,0.760785293638115,0.272545033723167,0.76366198828028,0.128261332491943,-0.0651068024960607,-0.0177445356818964,-0.138346728021176,-0.138346728021176,-0.139239648567761,0.0303030303030303,TRUE,""
"tree014",28,0.569655947993239,0.17875274850372,0.740887026090164,0.132878489363911,-0.0416784884739755,-0.00745014436820374,-0.0560673469714138,-0.0560673469714138,-0.0561262081519751,0.04,TRUE,""
"tree015",6,0.621263868919083,0.128396945106692,0.792047682131725,0.120062416242735,-0.918307444980019,-0.117907870604166,-0.982054786951705,-0.982054786951705,-2.35228297997106,0.333333333333333,TRUE,""
"tree016",45,0.89001840470227,0.189399724483765,0.744280085119492,0.07992484832356,0.023705585015309,0.00448983127062601,0.0561756620725735,0.0561756620725735,0.0562348654829003,0.0238095238095238,TRUE,""
"tree017",21,0.919964384281753,0.174424389299439,0.756490960294478,0.079349449285418,0.175141641930232,0.0305489739345818,0.384992891692264,0.384992891692264,0.405908230146215,0.0555555555555556,TRUE,""
"tree018",36,0.675029625540078,0.21299691025466,0.818864430971022,0.094587591048804,0.0496279502542872,0.0105706000664351,0.111754617590177,0.111754617590177,0.112223373231437,0.0303030303030303,TRUE,""
"tree019",21,0.875127098951398,0.21201641661901,0.885900353532026,0.0603282271413841,0.00952362423909059,0.00201916468439794,0.0334696506109132,0.0334696506109132,0.03348215678068,0.0555555555555556,TRUE,""
"tree020",6,0.216645874393672,0.157233943706138,0.678538663211225,0.165587045322311,-0.183719013993826,-0.0288868651040523,-0.174451238306866,-0.174451238306866,-0.176253977679163,0.333333333333333,TRUE,""
"tree021",21,0.741543861619236,0.315402206407382,0.825205273219713,0.108103913074087,-0.162029744355128,-0.0511045388732313,-0.472735328629666,-0.472735328629666,-0.513587036640238,0.0555555555555556,TRUE,""
"tree022",6,0.58249143980862,0.238739599318591,0.684766377987891,0.132943906910978,-0.0807968483774861,-0.019289407207846,-0.145094330804965,-0.145094330804965,-0.146125581577057,0.333333333333333,TRUE,""
"tree023",21,0.765306841916146,0.313194950084346,0.725873664697262,0.141596245812894,0.0894780110332133,0.0280240611991938,0.197915283970346,0.197915283970346,0.200561914189208,0.0555555555555556,TRUE,""
"tree024",28,0.745266957272152,0.283184576779675,0.835650926643954,0.089640666478669,-0.0272553266772131,-0.00771828815007838,-0.0861025297253343,-0.0861025297253343,-0.086316259123257,0.04,TRUE,""
"tree025",36,0.834900514734372,0.220566650552846,0.773551119085507,0.0897097114509617,0.0844217215450796,0.0186206163551032,0.207565224031312,0.207565224031312,0.210625599540588,0.0303030303030303,TRUE,""
"tree026",36,0.672203728842057,0.275566638726245,0.81780100047755,0.0859226970268201,0.0322897442164016,0.00889797627904399,0.103557925751173,0.103557925751173,0.103930519666107,0.0303030303030303,TRUE,""
"tree027",28,0.715619266555345,0.250528255422858,0.743161073110961,0.0790509005262104,0.064610596022246,0.0161867799032844,0.204764016545484,0.204764016545484,0.207700042356416,0.04,TRUE,""
"tree028",21,0.541612634492064,0.130411976966716,0.768067299586878,0.110366363465752,0.109251864974264,0.0142477516985945,0.129095054427664,0.129095054427664,0.129819457850828,0.0555555555555556,TRUE,""
"tree029",10,0.646562956450492,0.262948017174423,0.815909325961114,0.126475089565336,-0.169224391921806,-0.0444972183133864,-0.351825948226742,-0.351825948226742,-0.367526126547635,0.142857142857143,TRUE,""
"tree030",36,0.708202215134432,0.172613434023898,0.760401640742575,0.0605408804634316,0.0486333560567292,0.00839477059705897,0.138662842905459,0.138662842905459,0.139561946277415,0.0303030303030303,TRUE,""
"tree031",28,0.483581107526685,0.0394937568138669,0.789880919523105,0.0859498628469898,-0.213490584478388,-0.00843154522543977,-0.0980984139608207,-0.0980984139608207,-0.0984149202653358,0.04,TRUE,""
"tree032",36,0.505346603597873,0.11344702982534,0.80791088184523,0.104792694385671,-0.179110659364271,-0.0203195723149348,-0.193902565766199,-0.193902565766199,-0.196389033032647,0.0303030303030303,TRUE,""
"tree033",36,0.45792828767634,0.1006539661704,0.741354426246793,0.0959391229248717,0.310403234458151,0.0312433166603336,0.325657726564789,0.325657726564789,0.337963103281067,0.0303030303030303,TRUE,""
"tree034",45,0.69428143669447,0.30164810447866,0.837080740055582,0.0968261006600667,0.0273018721098687,0.0082355579706607,0.0850551443724226,0.0850551443724226,0.0852611463018633,0.0238095238095238,TRUE,""
"tree035",36,0.667795505298686,0.275208649327329,0.772361529791649,0.0958932152281677,-0.0835523263177665,-0.0229943228740688,-0.239790925972773,-0.239790925972773,-0.244552271722199,0.0303030303030303,TRUE,""
"tree036",15,0.468216094493109,0.17041394525186,0.706197924647442,0.178267495392493,-0.550017512214308,-0.0937306542140532,-0.525786565900226,-0.525786565900226,-0.584303916865685,0.0833333333333333,TRUE,""
"tree037",6,0.437680156233239,0.141789136964867,0.738399685273639,0.16520917583662,0.0123321396999327,0.00174856344498363,0.0105839366132595,0.0105839366132595,0.0105843318430089,0.333333333333333,TRUE,""
"tree038",21,0.882592151251233,0.236723694593545,0.741921289103847,0.0794195856817424,0.168185149534543,0.0398134099735848,0.501304679844703,0.501304679844703,0.551047233594144,0.0555555555555556,TRUE,""
"tree039",10,0.861998733193649,0.158183501854024,0.807819736395333,0.0414362618167233,-0.10975150545637,-0.0173608774668395,-0.418977888102659,-0.418977888102659,-0.446451639917686,0.142857142857143,TRUE,""
"tree040",6,0.444725177545447,0.0814421785585541,0.795788152583478,0.0429969534186991,0.165351079647209,0.0134665521534777,0.313197821769883,0.313197821769883,0.324087113162289,0.333333333333333,TRUE,""
"tree041",36,0.766008993885053,0.266831983989091,0.717412702012884,0.11116114449118,0.0187122830095051,0.00499303560039159,0.0449170942171055,0.0449170942171055,0.0449473382616962,0.0303030303030303,TRUE,""
"tree042",10,0.883299154144084,0.226089443232293,0.72011897803582,0.0847046664499157,-0.153128963574773,-0.0346208421173585,-0.408724141990798,-0.408724141990798,-0.43407851828661,0.142857142857143,TRUE,""
"tree043",28,0.517994879998491,0.142276182496729,0.791360577658184,0.127879117294191,0.0530680783792072,0.00755032360423081,0.0590426628208653,0.0590426628208653,0.0591114149650896,0.04,TRUE,""
"tree044",15,0.828306384508552,0.21875028509865,0.734257414213228,0.106871260232312,0.150659108118102,0.0329567228535431,0.308377788208948,0.308377788208948,0.318751724699101,0.0833333333333333,TRUE,""
"tree045",21,0.599737102525119,0.263852019779752,0.844286841154774,0.0814706406010415,0.073980535024581,0.0195199135906224,0.239594453248632,0.239594453248632,0.244343823084027,0.0555555555555556,TRUE,""
"tree046",21,0.672618443911028,0.315681145475423,0.904391347146012,0.0829832107151071,0.0356182610289378,0.0112440134414577,0.135497449960812,0.135497449960812,0.13633593047781,0.0555555555555556,TRUE,""
"tree047",6,0.565603577944974,0.312473857062734,0.78315947800126,0.0771131009586157,0.098299172055919,0.0307159214383863,0.398322996437021,0.398322996437021,0.42165408775989,0.333333333333333,TRUE,""
"tree048",28,0.660358915315335,0.222207539854667,0.829012725678656,0.11306008838621,0.118097660830242,0.026242190675679,0.232108350968525,0.232108350968525,0.236416723118322,0.04,TRUE,""
"tree049",36,0.710687157685917,0.257308119630048,0.88918025137395,0.134267294697085,0.00191481625254458,0.000492697769379301,0.00366952928105727,0.00366952928105727,0.00366954575180542,0.0303030303030303,TRUE,""
"tree050",28,0.660158890313987,0.212751645698512,0.759609229081553,0.096157161648085,0.0152634268423707,0.0032473191797132,0.0337709550079869,0.0337709550079869,0.0337838021372616,0.04,TRUE,""
