model,probe,endpoint,n_trees,n_dl_usable_trees,n_ordering_trees,n_pairs,n_same_branch_pairs,n_cross_branch_pairs,response_records,empty_outputs,semantic_valid_outputs,semantic_coverage,dl_r,dl_ci_low,dl_ci_high,dl_p,dl_I2,dl_tau2,same_branch_mean,cross_branch_mean,cross_minus_same,pooled_mann_whitney_p_one_sided,pooled_rank_biserial,tree_mean_rank_biserial,tree_rank_biserial_se,tree_wilcoxon_p_one_sided,within_tree_fisher_z_r
llama32_1b_qkv_lora_r8,ARC-Challenge,surface,50,50,26,1228,864,364,109500,271,109229,0.9975251,0.0344520,-0.0377403,0.1062865,0.3496220,0.2734259,0.0175533,0.2145071,0.2107361,-0.0037710,0.6456942,-0.0134851,-0.0310813,0.0666593,0.9129024,0.0320405
llama32_1b_qkv_lora_r8,ARC-Challenge,semantic,50,50,26,1228,864,364,109500,271,109229,0.9975251,-0.0082622,-0.0954458,0.0790471,0.8531257,0.4909631,0.0449883,0.5974560,0.5899736,-0.0074824,0.8087605,-0.0315171,-0.0583684,0.0650621,0.9510149,0.0273530
llama32_1b_qkv_lora_r8,Dolly,surface,50,50,26,1228,864,364,32850,556,32294,0.9830746,0.0193258,-0.0510813,0.0895418,0.5907822,0.2408466,0.0147983,0.2727294,0.2883490,0.0156196,0.0190985,0.0748118,0.0293783,0.0682767,0.7423496,-0.0906915
llama32_1b_qkv_lora_r8,Dolly,semantic,50,50,26,1228,864,364,32850,556,32294,0.9830746,0.0150341,-0.0600564,0.0899555,0.6950106,0.3237270,0.0223283,0.7594939,0.7611225,0.0016285,0.3369305,0.0151926,-0.0031098,0.0575839,0.7668794,0.0274991
llama32_1b_qkv_lora_r8,HellaSwag,surface,50,50,26,1228,864,364,109500,41430,68070,0.6216438,-0.0623455,-0.1420550,0.0181674,0.1289791,0.4053627,0.0317974,0.2559941,0.2774081,0.0214141,0.0008906,0.1127709,0.0832785,0.0668159,0.2505584,-0.0823294
llama32_1b_qkv_lora_r8,HellaSwag,semantic,50,50,26,1228,864,364,109500,41430,68070,0.6216438,-0.0234689,-0.1237546,0.0772913,0.6484722,0.6153297,0.0746138,0.6887737,0.7038560,0.0150823,0.0757599,0.0517654,0.0546946,0.0624725,0.3632700,-0.0705156
llama32_1b_qkv_lora_r8,MMLU,surface,50,50,26,1228,864,364,109500,378,109122,0.9965479,0.0345088,-0.0435738,0.1121723,0.3864283,0.3699132,0.0273841,0.2204833,0.2161343,-0.0043490,0.7291003,-0.0220162,-0.0681237,0.0643337,0.9612375,0.0504654
llama32_1b_qkv_lora_r8,MMLU,semantic,50,50,26,1228,864,364,109500,378,109122,0.9965479,-0.0069496,-0.0971597,0.0833738,0.8803834,0.5235161,0.0512485,0.6139997,0.6068873,-0.0071124,0.8170014,-0.0326236,-0.0413047,0.0662038,0.9567753,0.0461131
llama32_1b_qkv_lora_r8,TruthfulQA,surface,50,50,26,1228,864,364,109500,652,108848,0.9940457,0.0264769,-0.0398126,0.0925344,0.4337970,0.1573390,0.0087093,0.2750322,0.2829051,0.0078729,0.0639689,0.0549451,0.0361268,0.0679099,0.6148905,-0.0304038
llama32_1b_qkv_lora_r8,TruthfulQA,semantic,50,50,26,1228,864,364,109500,652,108848,0.9940457,-0.0268958,-0.0991102,0.0456004,0.4672588,0.2789580,0.0180459,0.7664976,0.7628218,-0.0036758,0.4704685,0.0026773,0.0394424,0.0536630,0.4464851,-0.0015704
