tree_id,model_id,terminal_task_family,terminal_dataset_id,probe,natural_language_fraction,embedding_coverage,dominant_response_fraction,dominant_response
confirm_paper_tree_043,n10,qa,quartz,hellaswag,0.0,1.0,0.7533333333333333,A
confirm_paper_tree_039,n4,qa,quartz,hellaswag,0.0,1.0,0.6733333333333333,A
confirm_paper_tree_001,n11,classification,cola,hellaswag,0.0,1.0,0.7233333333333334,1
confirm_paper_tree_029,n6,classification,rte,hellaswag,0.0,1.0,0.7133333333333334,0
confirm_paper_tree_024,n6,translation,wmt14_en_de,hellaswag,0.14666666666666667,1.0,0.5566666666666666,A
confirm_paper_tree_024,n8,translation,opus_en_zh,hellaswag,0.17333333333333334,0.9966666666666667,0.45666666666666667,A
confirm_paper_tree_024,n7,summarization,cnn_dailymail,hellaswag,0.31666666666666665,1.0,0.44666666666666666,A
confirm_paper_tree_007,n10,summarization,dialogsum,hellaswag,0.39,0.9833333333333333,0.09666666666666666,0
confirm_paper_tree_034,n10,qa,boolq,arc_challenge,0.0,1.0,0.7,True
confirm_paper_tree_041,n13,qa,quartz,arc_challenge,0.0,1.0,0.5666666666666667,A
confirm_paper_tree_003,n6,classification,imdb,arc_challenge,0.0,1.0,1.0,0
confirm_paper_tree_024,n11,classification,dbpedia_14,arc_challenge,0.0,1.0,1.0,0
confirm_paper_tree_029,n7,translation,opus_en_it,arc_challenge,0.0,1.0,0.58,B
confirm_paper_tree_042,n6,translation,wmt14_en_fr,arc_challenge,0.0,1.0,0.58,0
confirm_paper_tree_024,n7,summarization,cnn_dailymail,arc_challenge,0.0,1.0,0.58,B
confirm_paper_tree_029,n9,summarization,arxiv_summ,arc_challenge,0.0,1.0,0.56,B
confirm_paper_tree_034,n10,qa,boolq,mmlu,0.0,1.0,0.6533333333333333,True
confirm_paper_tree_005,n6,qa,boolq,mmlu,0.0,1.0,0.5933333333333334,True
confirm_paper_tree_024,n11,classification,dbpedia_14,mmlu,0.0,1.0,1.0,0
confirm_paper_tree_009,n11,classification,yelp_polarity,mmlu,0.0,1.0,0.99,0
confirm_paper_tree_042,n6,translation,wmt14_en_fr,mmlu,0.0,0.9966666666666667,0.62,0
confirm_paper_tree_029,n7,translation,opus_en_it,mmlu,0.0,1.0,0.6133333333333333,B
confirm_paper_tree_024,n7,summarization,cnn_dailymail,mmlu,0.0,1.0,0.5566666666666666,B
confirm_paper_tree_010,n11,summarization,samsum,mmlu,0.0,1.0,0.5333333333333333,A
confirm_paper_tree_035,n13,qa,arc_challenge,truthfulqa,0.0,0.9966666666666667,0.8366666666666667,0
confirm_paper_tree_007,n8,qa,boolq,truthfulqa,0.0,0.9966666666666667,0.67,False
confirm_paper_tree_024,n11,classification,dbpedia_14,truthfulqa,0.0,1.0,1.0,0
confirm_paper_tree_010,n12,classification,rte,truthfulqa,0.0,1.0,0.98,1
confirm_paper_tree_035,n12,translation,opus_en_zh,truthfulqa,0.0,0.24333333333333335,0.7566666666666667,<EMPTY>
confirm_paper_tree_008,n9,translation,opus_en_de,truthfulqa,0.0,1.0,0.62,A
confirm_paper_tree_005,n9,summarization,bigpatent,truthfulqa,0.0,1.0,0.84,0
confirm_paper_tree_010,n11,summarization,samsum,truthfulqa,0.0,1.0,0.5966666666666667,A
confirm_paper_tree_046,n13,qa,quartz,dolly_open_ended,0.0,1.0,0.7444444444444445,A
confirm_paper_tree_013,n9,qa,quartz,dolly_open_ended,0.0,1.0,0.7333333333333333,A
confirm_paper_tree_003,n6,classification,imdb,dolly_open_ended,0.0,1.0,1.0,0
confirm_paper_tree_010,n12,classification,rte,dolly_open_ended,0.0,1.0,1.0,1
confirm_paper_tree_008,n9,translation,opus_en_de,dolly_open_ended,0.0,1.0,0.8777777777777778,A
confirm_paper_tree_029,n7,translation,opus_en_it,dolly_open_ended,0.0,1.0,0.8222222222222222,A
confirm_paper_tree_024,n7,summarization,cnn_dailymail,dolly_open_ended,0.0,1.0,0.7111111111111111,A
confirm_paper_tree_005,n9,summarization,bigpatent,dolly_open_ended,0.044444444444444446,1.0,0.6,0
