terminal_task_family,probe,n_leaf_models,n_observations,mean_embedding_coverage,median_natural_language_fraction,median_unique_response_fraction,median_dominant_response_fraction,mean_empty_fraction,mean_label_only_fraction,mean_fragment_fraction,mean_repetition_loop_fraction,mean_natural_language_fraction
classification,arc_challenge,104,31200,0.9997435897435898,0.0,0.023333333333333334,0.5283333333333333,0.0002564102564102564,0.9074679487179487,0.06932692307692308,0.0,0.02294871794871795
classification,dolly_open_ended,104,9360,0.997542735042735,0.0,0.03333333333333333,0.6055555555555556,0.002457264957264957,0.8363247863247864,0.10811965811965812,0.0,0.0530982905982906
classification,hellaswag,104,31200,0.9955128205128205,0.26166666666666666,0.32,0.365,0.004487179487179487,0.5778846153846153,0.08211538461538462,0.0003205128205128205,0.3351923076923077
classification,mmlu,104,31200,0.9996474358974359,0.0,0.02666666666666667,0.5416666666666667,0.0003525641025641026,0.9157692307692308,0.05548076923076923,0.0,0.0283974358974359
classification,truthfulqa,104,31200,0.9934294871794872,0.0033333333333333335,0.06166666666666667,0.5016666666666667,0.006570512820512821,0.7402564102564102,0.1907051282051282,0.0001282051282051282,0.06233974358974359
qa,arc_challenge,82,24600,0.9995934959349594,0.013333333333333334,0.043333333333333335,0.30666666666666664,0.0004065040650406504,0.6323983739837399,0.07036585365853658,0.004512195121951219,0.2923170731707317
qa,dolly_open_ended,82,7380,0.9970189701897019,0.38888888888888884,0.8055555555555556,0.10555555555555556,0.002981029810298103,0.40311653116531165,0.13008130081300814,0.0017615176151761518,0.462059620596206
qa,hellaswag,82,24600,0.9933739837398374,0.8483333333333334,0.925,0.03,0.006626016260162602,0.2738211382113821,0.06052845528455285,0.0024390243902439024,0.6565853658536586
qa,mmlu,82,24600,0.9997967479674796,0.0033333333333333335,0.03666666666666667,0.31333333333333335,0.0002032520325203252,0.640040650406504,0.06691056910569106,0.005650406504065041,0.2871951219512195
qa,truthfulqa,82,24600,0.9948373983739838,0.23333333333333334,0.7683333333333333,0.11166666666666666,0.00516260162601626,0.4135772357723577,0.1851219512195122,0.0008130081300813008,0.3953252032520325
summarization,arc_challenge,83,24900,0.9988755020080321,0.09333333333333334,0.17666666666666667,0.26,0.0011244979919678715,0.7318072289156626,0.022610441767068272,0.0015662650602409638,0.24289156626506025
summarization,dolly_open_ended,83,7470,0.9896921017402945,0.7777777777777778,0.9666666666666667,0.03333333333333333,0.010307898259705489,0.22315930388219546,0.10669344042838019,0.0017402945113788486,0.65809906291834
summarization,hellaswag,83,24900,0.9972690763052209,0.99,1.0,0.0033333333333333335,0.0027309236947791163,0.0327710843373494,0.04413654618473896,0.001004016064257028,0.9193574297188755
summarization,mmlu,83,24900,0.9987550200803212,0.10333333333333333,0.18666666666666668,0.24,0.001244979919678715,0.7282730923694779,0.021646586345381524,0.0017269076305220883,0.24710843373493976
summarization,truthfulqa,83,24900,0.9947389558232932,0.5366666666666666,0.9233333333333333,0.03333333333333333,0.005261044176706827,0.23156626506024097,0.2702409638554217,0.002650602409638554,0.490281124497992
translation,arc_challenge,96,28800,0.9823958333333334,0.016666666666666666,0.05,0.30166666666666664,0.017604166666666667,0.9110069444444444,0.02048611111111111,0.0009027777777777777,0.05
translation,dolly_open_ended,96,8640,0.9194444444444444,0.5833333333333333,0.8555555555555555,0.09444444444444444,0.08055555555555556,0.25069444444444444,0.16145833333333334,0.0011574074074074073,0.5061342592592593
translation,hellaswag,96,28800,0.9802777777777778,0.8716666666666666,0.9650000000000001,0.02666666666666667,0.01972222222222222,0.104375,0.11857638888888888,0.0015277777777777779,0.7557986111111111
translation,mmlu,96,28800,0.9862847222222222,0.0,0.03833333333333333,0.29,0.013715277777777778,0.9144444444444444,0.02020833333333333,0.0010763888888888889,0.050555555555555555
translation,truthfulqa,96,28800,0.9389930555555556,0.36333333333333334,0.8683333333333333,0.056666666666666664,0.06100694444444445,0.260625,0.33538194444444447,0.0014236111111111112,0.3415625
