probe,endpoint,k_runs,estimate_r,ci_low,ci_high,p_value,I2,tau2
arc_challenge,semantic,50,-0.0751763752872378,-0.145734795121758,-0.00385705332074759,0.0388483655909402,0.259610298779846,0.0163554006645431
arc_challenge,surface,50,-0.0160587545275291,-0.0791543236267709,0.0471649687579119,0.618770158150421,0.0885042948382989,0.00452907340207558
dolly_open_ended,semantic,50,0.0262607994821553,-0.0693170708458345,0.121360946883435,0.590584556880851,0.572636154472711,0.0625000875576643
dolly_open_ended,surface,50,0.0703315133509008,-0.00504700419040268,0.144915290110411,0.0674043391566096,0.329103247818438,0.0228810588735273
hellaswag,semantic,50,-0.0813101524747375,-0.18153367204206,0.0205851480651268,0.117655825468061,0.623986149351893,0.0774053086759662
hellaswag,surface,50,-0.13499936744255,-0.238404202469996,-0.0285678935312099,0.013057106839326,0.659457090679472,0.0903263248191738
mmlu,semantic,50,-0.0947930444610986,-0.156237670196973,-0.0326175664700546,0.00284432930167032,0.0691672209717803,0.00346599792283937
mmlu,surface,50,-0.0339704994060046,-0.0949939602198193,0.0273073124215773,0.277200997906074,0.0408975349207056,0.00198898617510653
truthfulqa,semantic,50,-0.161051197974155,-0.241920962191833,-0.077959395756279,0.000159856502191696,0.454264301139964,0.0388262891648345
truthfulqa,surface,50,-0.0143200500503551,-0.0750539281450686,0.0465196758504812,0.644725984981483,0.0302663632095844,0.00145581912102426
