model,condition,probe,endpoint,k_runs,dl_r,dl_ci_low,dl_ci_high,dl_p_value,I2,tau2,raw_beta,raw_ci_low,raw_ci_high,raw_p_value,raw_n_pairs,semi_beta,semi_ci_low,semi_ci_high,semi_p_value,semi_n_pairs,standardized_beta,standardized_ci_low,standardized_ci_high,standardized_p_value,standardized_n_pairs
meta-llama/Llama-3.2-1B-Instruct,qkv_lora_r8,arc_challenge,semantic,50,-0.00826224026832843,-0.095445799551845,0.0790471109566785,0.853125728998858,0.490963053110009,0.0449882547140013,0.00540597818104325,-0.0386836043998676,0.0494955607619541,0.806401113254153,1228,-0.000354925878967945,-0.0118736341580826,0.0111637824001468,0.950877611952954,1228,0.00989893074854975,-0.0633945285332797,0.0831923900303792,0.787215203688352,1228
meta-llama/Llama-3.2-1B-Instruct,qkv_lora_r8,arc_challenge,surface,50,0.0344519828693184,-0.0377403131626967,0.10628652515614,0.349622044188797,0.273425906397769,0.0175533249020727,0.012807649167892,-0.0137230134353417,0.0393383117711257,0.336751020498543,1228,0.0029591894576856,-0.00342946412155092,0.00934784303692212,0.356508002593686,1228,0.038696821360936,-0.0233622559839725,0.100755898705844,0.216128114079426,1228
meta-llama/Llama-3.2-1B-Instruct,qkv_lora_r8,dolly_open_ended,semantic,50,0.0150341481917572,-0.0600564075202213,0.0899555048435556,0.695010598445023,0.323726992884799,0.0223283432369214,-0.00754903324559373,-0.0591824182826066,0.0440843517914192,0.770144843856185,1228,-0.000758890294155091,-0.0123117852866174,0.0107940046983073,0.895520402170716,1228,0.0158810508930498,-0.0581421154097374,0.089904217195837,0.668259212874891,1228
meta-llama/Llama-3.2-1B-Instruct,qkv_lora_r8,dolly_open_ended,surface,50,0.0193258281030359,-0.0510813029973345,0.0895418054037161,0.590782173560237,0.240846628814955,0.0147982611299867,0.00925156076385827,-0.0313059424972852,0.0498090640250017,0.648689164197827,1228,0.00435665164989908,-0.00427077923432251,0.0129840825341207,0.315191331138564,1228,0.0258754845454387,-0.0425237716973712,0.0942747407882486,0.450763477413932,1228
meta-llama/Llama-3.2-1B-Instruct,qkv_lora_r8,hellaswag,semantic,50,-0.0234689175432426,-0.123754583225426,0.0772913072492186,0.648472192388131,0.615329738620059,0.0746137610649098,-0.0242053766528622,-0.087141833295981,0.0387310799902565,0.443303927531314,1228,-0.00249294840234568,-0.0153268513985413,0.01034095459385,0.69796655650544,1228,-0.0187599432017451,-0.114481654235171,0.0769617678316805,0.695404185486372,1228
meta-llama/Llama-3.2-1B-Instruct,qkv_lora_r8,hellaswag,surface,50,-0.0623454749392832,-0.142055029723169,0.0181674249645425,0.128979052615211,0.405362733249927,0.0317973799138953,-0.0308800616677256,-0.0749828890098021,0.0132227656743509,0.165717953341322,1228,-0.00531748060181523,-0.0144187502498037,0.0037837890461732,0.246026583529975,1228,-0.0506544782355128,-0.130439773969705,0.0291308174986796,0.208023943317928,1228
meta-llama/Llama-3.2-1B-Instruct,qkv_lora_r8,mmlu,semantic,50,-0.00694955965654583,-0.0971596795877082,0.0833738169171955,0.88038343855005,0.523516063840477,0.0512485271304954,0.00415592442283638,-0.0398299922066828,0.0481418410523555,0.850194730562728,1228,-0.000384467761709028,-0.0115709281800425,0.0108019926566245,0.945217262414437,1228,0.0121937521720538,-0.0643611509301614,0.088748655274269,0.750262989433377,1228
meta-llama/Llama-3.2-1B-Instruct,qkv_lora_r8,mmlu,surface,50,0.0345087829883678,-0.0435737648183666,0.112172297871359,0.386428283537301,0.36991317521189,0.0273841358805183,0.0121467380290528,-0.0155619970410381,0.0398554730991437,0.382649987112037,1228,0.00295991648350677,-0.00353629920108751,0.00945613216810105,0.364341694909353,1228,0.0423391743107966,-0.0229734821977381,0.107651830819331,0.198761555808493,1228
meta-llama/Llama-3.2-1B-Instruct,qkv_lora_r8,truthfulqa,semantic,50,-0.0268958456297537,-0.0991102299112059,0.0456003564669438,0.467258797517111,0.278958012357487,0.0180458741559834,-0.0242686433113363,-0.0683699809008977,0.0198326942782251,0.274189546304066,1228,-0.00576876055703125,-0.0157945044793153,0.00425698336525282,0.253165457964868,1228,-0.0194171798085523,-0.0849390231251306,0.0461046635080259,0.55422943329022,1228
meta-llama/Llama-3.2-1B-Instruct,qkv_lora_r8,truthfulqa,surface,50,0.0264768860089954,-0.0398126210951481,0.0925343502860699,0.433797043339993,0.157338995809954,0.00870929732833361,0.00730223441753934,-0.0274644550314985,0.0420689238665771,0.674811491589963,1228,0.00296495090243358,-0.0044704459953257,0.0104003478001929,0.426802888628386,1228,0.0305356743975773,-0.0345687193825356,0.0956400681776903,0.350538451740791,1228
